PassengerId,Survived,Pclass,Name,Sex,Age,SibSp,Parch,Ticket,Fare,Cabin,Embarked
1,1,3,Passenger 1,female,31.55890601157356,0,0,TKT00001,10.9338,,Q
2,0,2,Passenger 2,male,24.559135465064546,1,0,TKT00002,26.5035,,S
3,1,3,Passenger 3,male,,3,0,TKT00003,7.9617,,S
4,0,3,Passenger 4,female,37.09216415866355,1,0,TKT00004,17.05,,S
5,1,1,Passenger 5,female,11.634755679119042,0,1,TKT00005,36.4789,,S
6,0,3,Passenger 6,male,39.39719216259178,1,1,TKT00006,20.9815,,Q
7,0,3,Passenger 7,male,19.154874012331117,0,0,TKT00007,9.9816,,Q
8,0,3,Passenger 8,male,21.92205080071453,0,0,TKT00008,6.3834,,S
9,0,1,Passenger 9,male,,1,0,TKT00009,143.483,,S
10,0,3,Passenger 10,male,23.115536123778114,0,0,TKT00010,11.6418,,S
11,0,2,Passenger 11,male,42.49998142852137,1,0,TKT00011,58.9867,,S
12,0,3,Passenger 12,male,19.156859138812464,0,0,TKT00012,20.7909,,S
13,0,3,Passenger 13,male,21.334748263720915,2,0,TKT00013,8.3791,,S
14,1,3,Passenger 14,female,20.810807490326475,0,0,TKT00014,11.5497,,S
15,1,2,Passenger 15,female,22.081057523029457,0,1,TKT00015,26.3994,,S
16,0,1,Passenger 16,male,45.388681777669376,1,0,TKT00016,139.1193,,S
17,0,3,Passenger 17,male,38.80314811054424,0,0,TKT00017,14.6112,,S
18,0,1,Passenger 18,male,53.939215356168994,1,0,TKT00018,75.7794,,S
19,0,3,Passenger 19,male,61.74701885458956,0,0,TKT00019,10.9678,,S
20,1,3,Passenger 20,female,,0,0,TKT00020,11.7301,,S
21,0,3,Passenger 21,female,30.985867782582044,1,1,TKT00021,21.5844,,S
22,1,2,Passenger 22,female,13.533195566991939,0,0,TKT00022,25.0417,,S
23,1,3,Passenger 23,female,19.11351701152426,0,0,TKT00023,10.0458,,S
24,1,3,Passenger 24,female,,1,3,TKT00024,9.308,,C
25,1,3,Passenger 25,female,,0,0,TKT00025,9.3531,,Q
26,0,1,Passenger 26,male,15.27357817942221,0,0,TKT00026,37.2463,,S
27,1,3,Passenger 27,male,27.980018700716432,1,1,TKT00027,8.5612,,S
28,1,1,Passenger 28,male,12.9659421425903,0,0,TKT00028,137.3846,,S
29,0,1,Passenger 29,male,41.78977742792686,0,0,TKT00029,63.7855,,S
30,0,3,Passenger 30,male,17.1514504761548,0,0,TKT00030,16.4758,,S
31,1,3,Passenger 31,female,69.33396558134949,0,0,TKT00031,3.9333,,S
32,0,3,Passenger 32,male,,0,0,TKT00032,15.497,,S
33,1,2,Passenger 33,male,31.00824698683873,0,0,TKT00033,23.2491,,S
34,0,2,Passenger 34,male,11.865223417475509,0,1,TKT00034,20.1303,,S
35,0,3,Passenger 35,male,53.88528461378695,1,1,TKT00035,13.0181,,S
36,0,1,Passenger 36,male,45.67300953124082,0,1,TKT00036,56.0012,,S
37,1,1,Passenger 37,female,34.156822190305576,1,1,TKT00037,26.9168,,S
38,0,3,Passenger 38,male,11.144764317086082,1,0,TKT00038,18.1727,,S
39,1,1,Passenger 39,female,32.949336288144686,1,0,TKT00039,78.0893,,S
40,0,3,Passenger 40,male,14.299965355758431,0,0,TKT00040,10.419,,S
41,0,2,Passenger 41,male,50.47297368862705,0,0,TKT00041,16.1851,,S
42,0,3,Passenger 42,male,41.32872624594442,0,2,TKT00042,6.1933,,S
43,1,3,Passenger 43,female,31.336146538828306,0,0,TKT00043,13.272,,C
44,1,2,Passenger 44,female,0.5,1,0,TKT00044,51.6724,,S
45,0,3,Passenger 45,male,,0,2,TKT00045,13.1488,,S
46,0,3,Passenger 46,female,39.62865584239822,3,1,TKT00046,6.4409,,S
47,0,2,Passenger 47,male,46.98037168412418,1,2,TKT00047,27.6653,,C
48,1,2,Passenger 48,female,45.52837736088984,1,0,TKT00048,24.407,,C
49,0,3,Passenger 49,male,7.7118179686196235,0,0,TKT00049,17.7029,,C
50,1,1,Passenger 50,male,,0,0,TKT00050,91.9758,,S
51,1,1,Passenger 51,female,44.217213030761016,0,1,TKT00051,18.263,,S
52,0,1,Passenger 52,male,,1,1,TKT00052,89.4656,,S
53,0,3,Passenger 53,male,29.88933678477469,1,0,TKT00053,7.6396,,S
54,0,3,Passenger 54,male,33.833793576318385,1,0,TKT00054,6.3289,,S
55,0,3,Passenger 55,male,25.78929581214571,2,0,TKT00055,11.0242,,S
56,1,3,Passenger 56,female,,1,0,TKT00056,14.4377,,S
57,1,3,Passenger 57,female,25.4402264589678,1,0,TKT00057,5.7349,,C
58,1,3,Passenger 58,female,25.417723976429663,0,0,TKT00058,16.477,,S
59,0,1,Passenger 59,male,27.926986336331442,0,0,TKT00059,98.6914,,S
60,1,1,Passenger 60,male,,0,0,TKT00060,71.4955,,S
61,0,3,Passenger 61,male,,0,0,TKT00061,8.1212,,C
62,1,3,Passenger 62,male,29.44411204714231,1,0,TKT00062,7.7229,,Q
63,0,3,Passenger 63,male,,0,0,TKT00063,19.0406,,S
64,1,3,Passenger 64,female,25.73802532000666,1,0,TKT00064,6.0791,,Q
65,1,3,Passenger 65,female,,0,0,TKT00065,19.3737,,C
66,1,3,Passenger 66,female,31.292956535562414,1,1,TKT00066,11.1403,,C
67,0,3,Passenger 67,male,3.1071770374674585,1,0,TKT00067,11.4935,,C
68,0,2,Passenger 68,male,36.678491781170415,3,1,TKT00068,11.5911,,S
69,1,1,Passenger 69,male,29.992116640278578,1,0,TKT00069,65.5277,,C
70,0,2,Passenger 70,male,30.555709372365865,1,0,TKT00070,32.9499,,S
71,0,1,Passenger 71,male,43.4502803063225,1,0,TKT00071,38.3637,,S
72,0,2,Passenger 72,male,2.660582579324526,0,0,TKT00072,31.2889,,S
73,0,3,Passenger 73,male,2.3663258219745096,0,1,TKT00073,12.4904,,
74,1,1,Passenger 74,female,33.83325383452927,0,0,TKT00074,52.3947,,Q
75,1,1,Passenger 75,male,29.90036402820078,0,0,TKT00075,102.8322,,S
76,1,2,Passenger 76,female,32.38247720468705,0,0,TKT00076,9.28,,Q
77,0,2,Passenger 77,male,23.53022094758576,1,0,TKT00077,29.2208,,S
78,0,3,Passenger 78,male,39.30095143935904,0,0,TKT00078,24.8698,,S
79,0,3,Passenger 79,male,43.056943801875676,0,1,TKT00079,22.94,,S
80,0,3,Passenger 80,male,36.77575211532138,1,0,TKT00080,14.3009,,C
81,0,3,Passenger 81,male,26.348401582335836,0,0,TKT00081,10.4767,,S
82,0,2,Passenger 82,male,0.5,0,0,TKT00082,18.7795,,S
83,1,3,Passenger 83,female,40.769306912519795,0,0,TKT00083,10.4708,,S
84,0,1,Passenger 84,male,,0,1,TKT00084,89.4079,,S
85,0,1,Passenger 85,male,39.02381776777572,0,1,TKT00085,48.6784,,S
86,0,1,Passenger 86,male,,0,1,TKT00086,98.429,,C
87,0,3,Passenger 87,male,39.43312151134861,1,0,TKT00087,31.3379,,S
88,0,3,Passenger 88,male,,1,1,TKT00088,11.6704,,C
89,0,1,Passenger 89,male,51.823427469187195,3,0,TKT00089,38.2261,,S
90,1,3,Passenger 90,female,17.73446106080859,0,1,TKT00090,6.552,,Q
91,1,1,Passenger 91,female,26.829635816382062,1,0,TKT00091,99.2806,,S
92,1,3,Passenger 92,female,40.46180871600837,0,1,TKT00092,11.6817,,S
93,1,2,Passenger 93,male,30.80374100013421,0,0,TKT00093,37.0938,,S
94,0,2,Passenger 94,male,14.357413571282153,0,3,TKT00094,19.663,,S
95,1,2,Passenger 95,female,,1,1,TKT00095,36.3305,,S
96,0,3,Passenger 96,male,38.10126287341233,1,0,TKT00096,11.1749,,C
97,0,2,Passenger 97,male,31.23148054863403,0,0,TKT00097,17.9798,,S
98,1,1,Passenger 98,male,33.07418898051922,0,2,TKT00098,58.4426,,S
99,1,1,Passenger 99,female,26.37811737639978,0,0,TKT00099,40.8465,,S
100,0,3,Passenger 100,male,50.69590510002483,1,0,TKT00100,29.3743,,Q
101,1,3,Passenger 101,female,17.390309428022526,0,0,TKT00101,11.4907,,S
102,1,3,Passenger 102,female,21.777509321307097,0,0,TKT00102,16.0376,,S
103,0,2,Passenger 103,male,30.153797189385358,0,0,TKT00103,19.6344,,S
104,1,3,Passenger 104,female,42.305356387812495,0,0,TKT00104,7.4748,,S
105,1,3,Passenger 105,male,9.036775618676486,0,1,TKT00105,10.8012,,S
106,1,3,Passenger 106,male,,0,1,TKT00106,19.6965,,S
107,0,2,Passenger 107,male,1.4718008917139507,1,0,TKT00107,19.7775,,S
108,0,2,Passenger 108,female,30.457733153545792,0,0,TKT00108,16.897,,S
109,0,1,Passenger 109,male,14.343718559108385,0,0,TKT00109,75.0725,,S
110,0,3,Passenger 110,male,24.616298459749167,1,0,TKT00110,15.0213,,S
111,0,3,Passenger 111,male,39.25929465848391,2,0,TKT00111,25.1332,,Q
112,0,1,Passenger 112,male,21.018401909040147,0,0,TKT00112,82.0791,,S
113,0,2,Passenger 113,male,33.237948318407106,1,1,TKT00113,33.4039,,S
114,0,3,Passenger 114,male,25.809269291475893,0,0,TKT00114,16.5864,,S
115,0,1,Passenger 115,male,39.40960041135011,0,0,TKT00115,41.664,,S
116,1,3,Passenger 116,female,36.65179294287212,0,0,TKT00116,7.7788,,C
117,0,3,Passenger 117,male,20.312928253555462,0,0,TKT00117,7.3681,,S
118,1,3,Passenger 118,female,27.638875452393663,0,0,TKT00118,6.5893,,S
119,0,2,Passenger 119,male,44.61240756808692,0,0,TKT00119,35.7601,,S
120,1,3,Passenger 120,female,35.50727618355736,0,0,TKT00120,13.6731,,S
121,0,3,Passenger 121,male,10.44253119148416,0,1,TKT00121,12.437,,Q
122,0,3,Passenger 122,male,39.17865285639935,1,0,TKT00122,3.7366,,S
123,1,1,Passenger 123,female,14.815451285892665,1,0,TKT00123,176.5245,,
124,0,2,Passenger 124,male,49.77518297945409,0,0,TKT00124,16.7175,,C
125,0,1,Passenger 125,male,44.33738375777435,0,0,TKT00125,176.2337,,C
126,1,3,Passenger 126,female,,0,1,TKT00126,6.251,,S
127,1,2,Passenger 127,female,32.201259808106705,0,0,TKT00127,17.3448,,S
128,0,1,Passenger 128,male,27.07354841561612,0,0,TKT00128,25.977,,S
129,0,1,Passenger 129,male,39.49933531960039,0,0,TKT00129,82.389,,C
130,1,3,Passenger 130,female,,0,0,TKT00130,7.3107,,S
131,1,1,Passenger 131,female,33.29797818895852,0,0,TKT00131,43.1916,,S
132,1,3,Passenger 132,female,,0,0,TKT00132,6.4706,,C
133,0,3,Passenger 133,male,22.134708390641745,0,3,TKT00133,17.0256,,S
134,1,2,Passenger 134,female,21.373301640130276,0,1,TKT00134,34.4337,,S
135,1,3,Passenger 135,male,13.278883269857573,0,0,TKT00135,27.1214,,S
136,1,1,Passenger 136,female,15.09738155423359,0,1,TKT00136,51.4149,,C
137,0,3,Passenger 137,male,4.402465639818967,0,1,TKT00137,13.2418,,S
138,0,3,Passenger 138,female,40.21760304621741,0,0,TKT00138,6.7174,,
139,0,3,Passenger 139,male,55.32480358915879,1,1,TKT00139,10.3206,,S
140,1,1,Passenger 140,male,49.95460520858428,0,2,TKT00140,55.4241,,C
141,1,3,Passenger 141,female,7.2348171592287684,0,0,TKT00141,14.7894,,C
142,0,3,Passenger 142,male,40.1479654017868,1,0,TKT00142,18.9645,,S
143,1,3,Passenger 143,female,49.909488898929794,1,0,TKT00143,18.7442,,S
144,0,3,Passenger 144,male,23.6046602696587,0,0,TKT00144,8.2124,,Q
145,0,3,Passenger 145,male,31.420264029100693,1,1,TKT00145,18.8068,,C
146,1,2,Passenger 146,male,1.8894972887346135,1,1,TKT00146,24.5089,,S
147,1,2,Passenger 147,male,33.734306351672984,0,0,TKT00147,21.6025,,S
148,0,3,Passenger 148,male,15.110163787913956,1,0,TKT00148,8.724,,C
149,0,2,Passenger 149,male,32.794890250761206,1,1,TKT00149,19.4317,,Q
150,1,1,Passenger 150,male,8.143159089355674,2,0,TKT00150,153.3214,,S
151,1,3,Passenger 151,female,37.600015142686345,1,0,TKT00151,13.7803,,S
152,1,3,Passenger 152,female,44.34317745597366,1,1,TKT00152,12.9809,,S
153,1,1,Passenger 153,female,19.035481935987654,0,0,TKT00153,62.208,,C
154,0,3,Passenger 154,male,14.083083860253918,1,1,TKT00154,36.0749,,S
155,1,1,Passenger 155,male,0.5,0,0,TKT00155,125.933,,S
156,0,3,Passenger 156,male,26.270210522947522,0,0,TKT00156,8.6749,,S
157,1,2,Passenger 157,female,,1,0,TKT00157,22.1038,,C
158,1,3,Passenger 158,female,,2,0,TKT00158,10.8971,,C
159,0,3,Passenger 159,male,36.3422625883704,0,1,TKT00159,12.8141,,
160,0,3,Passenger 160,female,,1,0,TKT00160,8.7526,,S
161,0,1,Passenger 161,male,14.939696578966746,0,0,TKT00161,85.2819,,C
162,0,3,Passenger 162,male,22.235986321033742,1,0,TKT00162,23.0657,,C
163,0,1,Passenger 163,male,44.99826354501462,0,0,TKT00163,38.759,,S
164,0,1,Passenger 164,male,38.44111721257311,1,1,TKT00164,42.1329,,S
165,1,3,Passenger 165,female,28.179635139021144,0,1,TKT00165,9.6551,,Q
166,1,2,Passenger 166,female,38.66747025850793,0,0,TKT00166,20.5388,,S
167,0,3,Passenger 167,male,13.747232610585655,1,0,TKT00167,29.4949,,S
168,0,3,Passenger 168,male,,0,0,TKT00168,18.8342,,S
169,1,2,Passenger 169,female,32.06251262681059,0,0,TKT00169,38.2377,,S
170,1,3,Passenger 170,female,23.422288881017824,0,0,TKT00170,10.6541,,S
171,0,2,Passenger 171,male,36.09641670340385,0,1,TKT00171,21.9778,,C
172,0,3,Passenger 172,male,19.073931634977683,0,0,TKT00172,6.2441,,S
173,0,2,Passenger 173,male,37.137489908865646,1,0,TKT00173,35.54,,C
174,0,3,Passenger 174,male,,1,0,TKT00174,14.9675,,S
175,1,1,Passenger 175,female,0.5,0,1,TKT00175,124.8601,,S
176,0,1,Passenger 176,male,,0,1,TKT00176,63.6642,,C
177,1,2,Passenger 177,female,0.5,0,0,TKT00177,23.4548,,S
178,1,3,Passenger 178,male,21.375313642214245,3,0,TKT00178,12.9543,,S
179,0,3,Passenger 179,male,,1,0,TKT00179,17.9262,,C
180,0,3,Passenger 180,female,25.55798584646583,1,1,TKT00180,6.1923,,S
181,0,3,Passenger 181,male,,0,0,TKT00181,16.7121,,S
182,0,3,Passenger 182,male,14.687681135966612,0,1,TKT00182,11.8898,,S
183,1,3,Passenger 183,female,,0,0,TKT00183,7.4523,,Q
184,1,2,Passenger 184,female,3.098936572319065,0,0,TKT00184,9.7845,,S
185,0,3,Passenger 185,male,45.80587541346824,3,1,TKT00185,11.2852,,S
186,1,3,Passenger 186,male,,0,1,TKT00186,23.0203,,Q
187,0,2,Passenger 187,male,13.306465373805931,0,0,TKT00187,53.1163,,S
188,0,1,Passenger 188,male,,0,1,TKT00188,82.1391,,S
189,0,3,Passenger 189,male,15.758859224577023,0,0,TKT00189,29.0149,,S
190,0,2,Passenger 190,male,42.1271528120194,0,0,TKT00190,24.5216,,S
191,1,3,Passenger 191,female,40.25398933667974,0,0,TKT00191,18.4284,,S
192,1,2,Passenger 192,female,5.931744125735346,0,1,TKT00192,20.4059,,S
193,1,1,Passenger 193,female,,0,0,TKT00193,55.5301,,S
194,1,3,Passenger 194,female,17.91540072718012,1,0,TKT00194,8.8465,,S
195,1,1,Passenger 195,female,48.10913955843118,1,1,TKT00195,27.6951,,S
196,1,1,Passenger 196,female,11.098612346230105,1,2,TKT00196,124.9217,,S
197,0,3,Passenger 197,female,,1,1,TKT00197,8.9905,,S
198,0,3,Passenger 198,male,29.533873646762874,1,0,TKT00198,8.3667,,S
199,1,1,Passenger 199,male,13.732918310678773,0,0,TKT00199,41.1617,,C
200,0,2,Passenger 200,male,20.51816142387011,0,1,TKT00200,22.8035,,S
201,0,3,Passenger 201,male,18.77733622924169,0,2,TKT00201,26.5354,,S
202,0,3,Passenger 202,male,12.155342371782915,0,2,TKT00202,30.7874,,S
203,0,3,Passenger 203,male,31.32757603622526,0,0,TKT00203,5.6832,,C
204,0,1,Passenger 204,male,12.809182290314194,0,0,TKT00204,59.6798,,S
205,1,1,Passenger 205,male,0.5,0,1,TKT00205,43.9492,,
206,0,1,Passenger 206,male,,0,1,TKT00206,109.2072,,S
207,1,1,Passenger 207,female,4.760013250149644,1,0,TKT00207,79.6357,,S
208,1,3,Passenger 208,female,19.469747847054713,1,0,TKT00208,9.011,,C
209,0,1,Passenger 209,male,17.272559559553017,0,0,TKT00209,72.3238,,S
210,0,3,Passenger 210,male,17.8029749916386,0,1,TKT00210,9.6801,,S
211,0,3,Passenger 211,male,58.013483422262155,0,1,TKT00211,24.8118,,Q
212,0,3,Passenger 212,female,30.789761940373992,1,1,TKT00212,15.3488,,S
213,1,1,Passenger 213,female,33.43519412593465,1,0,TKT00213,94.6244,,S
214,0,3,Passenger 214,male,5.130423851207876,1,0,TKT00214,3.6139,,S
215,1,3,Passenger 215,female,20.844516129083093,0,0,TKT00215,11.6447,,S
216,0,3,Passenger 216,male,33.014236819181164,1,0,TKT00216,30.6414,,C
217,0,1,Passenger 217,male,15.65659521921791,1,1,TKT00217,127.1355,,S
218,1,1,Passenger 218,female,42.712879809251795,0,0,TKT00218,30.4871,,Q
219,0,3,Passenger 219,male,13.162247797385579,0,0,TKT00219,10.4214,,S
220,0,2,Passenger 220,male,25.99087409788754,1,0,TKT00220,14.5587,,Q
221,0,2,Passenger 221,male,21.795277040342178,2,1,TKT00221,53.9939,,C
222,0,3,Passenger 222,male,32.30048923134682,0,2,TKT00222,13.3943,,Q
223,1,3,Passenger 223,female,21.033138994024036,2,0,TKT00223,8.4943,,S
224,1,3,Passenger 224,female,26.207489221006878,0,0,TKT00224,12.1859,,S
225,0,2,Passenger 225,male,26.6941787151082,0,0,TKT00225,7.7335,,S
226,0,3,Passenger 226,male,19.718571396521785,0,0,TKT00226,7.3645,,S
227,1,1,Passenger 227,female,36.79131415895958,1,1,TKT00227,71.1574,,S
228,1,3,Passenger 228,male,33.337437247723955,0,0,TKT00228,17.5571,,C
229,0,3,Passenger 229,female,,0,1,TKT00229,5.0094,,S
230,1,1,Passenger 230,female,23.973583331532588,0,1,TKT00230,58.9668,,C
231,0,1,Passenger 231,male,41.15161642727996,0,0,TKT00231,110.2614,,S
232,1,2,Passenger 232,female,26.69832058660146,1,2,TKT00232,13.01,,Q
233,0,3,Passenger 233,male,25.70623797043688,0,0,TKT00233,13.3037,,S
234,0,3,Passenger 234,male,31.465660418433764,1,1,TKT00234,12.3616,,S
235,0,3,Passenger 235,male,53.75221356159191,0,0,TKT00235,25.9554,,C
236,0,3,Passenger 236,male,11.235013087703145,0,0,TKT00236,10.8194,,C
237,1,3,Passenger 237,female,40.77799650277497,2,0,TKT00237,11.1082,,C
238,1,3,Passenger 238,female,3.4956037426665283,0,0,TKT00238,17.6306,,Q
239,1,1,Passenger 239,female,33.041824215200734,0,0,TKT00239,38.5378,,S
240,1,1,Passenger 240,female,52.05115958652223,1,1,TKT00240,63.3768,,C
241,0,3,Passenger 241,male,,2,1,TKT00241,9.775,,S
242,0,3,Passenger 242,male,32.3887510995571,2,1,TKT00242,11.2728,,S
243,1,1,Passenger 243,female,22.153707436756942,1,0,TKT00243,102.5426,,S
244,1,3,Passenger 244,female,30.43466080683976,0,1,TKT00244,15.3986,,S
245,0,3,Passenger 245,male,26.471120584353013,1,0,TKT00245,8.5677,,S
246,0,3,Passenger 246,male,18.996327488961025,1,0,TKT00246,12.7614,,C
247,0,3,Passenger 247,male,25.941741383351822,1,0,TKT00247,23.4672,,S
248,0,2,Passenger 248,male,32.777336248770155,1,1,TKT00248,17.1975,,Q
249,1,2,Passenger 249,female,19.258961040571037,0,0,TKT00249,26.6876,,S
250,0,2,Passenger 250,male,18.712054510414422,0,0,TKT00250,22.9187,,S
251,0,3,Passenger 251,female,10.95659187370956,0,0,TKT00251,11.6646,,S
252,1,3,Passenger 252,female,35.47015036524454,0,2,TKT00252,5.761,,S
253,0,3,Passenger 253,female,37.634525667538846,0,1,TKT00253,22.6407,,S
254,1,2,Passenger 254,male,33.243246219311246,1,1,TKT00254,17.6444,,S
255,0,1,Passenger 255,male,43.51238689820132,0,0,TKT00255,111.0774,,S
256,1,3,Passenger 256,female,31.230146919130185,0,0,TKT00256,9.0729,,S
257,1,3,Passenger 257,female,35.4881531231206,0,0,TKT00257,9.056,,C
258,1,1,Passenger 258,male,34.25372395892588,1,1,TKT00258,120.8319,,S
259,1,1,Passenger 259,female,28.71843972814509,0,1,TKT00259,109.4802,,C
260,0,3,Passenger 260,male,22.56849440618494,2,0,TKT00260,13.1814,,C
261,1,1,Passenger 261,female,60.99813662108676,2,1,TKT00261,98.5943,,S
262,0,3,Passenger 262,male,23.672686282050883,1,0,TKT00262,10.5387,,S
263,0,2,Passenger 263,male,20.677712044313893,0,0,TKT00263,24.906,,S
264,0,1,Passenger 264,male,36.0761375283015,0,2,TKT00264,51.9751,,S
265,0,3,Passenger 265,male,33.52596181413007,0,0,TKT00265,18.0246,,S
266,1,1,Passenger 266,male,,1,0,TKT00266,51.2369,,Q
267,1,2,Passenger 267,male,45.71749556389234,1,0,TKT00267,48.7739,,S
268,1,1,Passenger 268,male,28.681275945088334,0,0,TKT00268,60.7259,,S
269,1,1,Passenger 269,female,14.446964666979913,0,0,TKT00269,70.649,,S
270,0,1,Passenger 270,male,46.64297760095424,0,0,TKT00270,98.4868,,S
271,1,1,Passenger 271,female,38.75945800234616,4,0,TKT00271,70.7558,,S
272,1,1,Passenger 272,female,12.2964121127292,0,0,TKT00272,61.2177,,S
273,0,1,Passenger 273,male,54.88055976360814,0,0,TKT00273,69.0606,,Q
274,0,3,Passenger 274,male,39.2231631571267,0,0,TKT00274,17.9417,,S
275,1,3,Passenger 275,female,,0,1,TKT00275,8.9051,,S
276,1,2,Passenger 276,female,52.26306327870491,0,1,TKT00276,23.6194,,S
277,0,2,Passenger 277,male,32.230168973614965,0,0,TKT00277,25.116,,S
278,0,3,Passenger 278,female,29.606836948543553,1,0,TKT00278,17.7072,,C
279,0,3,Passenger 279,male,20.75579837569215,2,0,TKT00279,11.4728,,Q
280,0,3,Passenger 280,male,38.1459061502991,1,0,TKT00280,27.0758,,C
281,1,1,Passenger 281,female,36.67244154253572,1,2,TKT00281,65.2387,,S
282,0,1,Passenger 282,male,30.205521958455957,1,0,TKT00282,62.8995,,S
283,1,1,Passenger 283,female,18.94019104585356,0,1,TKT00283,64.8146,,C
284,0,2,Passenger 284,male,,1,0,TKT00284,13.8237,,S
285,0,3,Passenger 285,female,29.022816999330068,0,1,TKT00285,7.5261,,S
286,0,2,Passenger 286,male,11.331359537721184,1,0,TKT00286,19.6893,,S
287,1,1,Passenger 287,male,9.394627081461401,1,0,TKT00287,116.7014,,S
288,0,2,Passenger 288,male,37.91214730333677,0,0,TKT00288,24.6301,,C
289,0,3,Passenger 289,male,0.5,0,0,TKT00289,9.6486,,S
290,1,1,Passenger 290,female,32.87574737745764,0,1,TKT00290,121.5634,,Q
291,0,3,Passenger 291,male,23.30683719144646,0,1,TKT00291,24.1175,,S
292,0,1,Passenger 292,male,,0,1,TKT00292,123.1518,,S
293,0,3,Passenger 293,male,23.09144507184574,0,0,TKT00293,8.1745,,S
294,0,1,Passenger 294,male,39.232778999526545,0,0,TKT00294,56.0158,,S
295,1,3,Passenger 295,female,24.443206222670916,0,0,TKT00295,27.1422,,S
296,0,3,Passenger 296,male,31.59247414880601,0,1,TKT00296,13.3754,,S
297,1,3,Passenger 297,female,40.31571143288072,2,1,TKT00297,10.6384,,S
298,0,3,Passenger 298,male,23.524219971455878,1,0,TKT00298,16.5794,,C
299,0,3,Passenger 299,female,43.951768382977654,0,0,TKT00299,18.8817,,S
300,1,3,Passenger 300,male,16.088229720509236,1,1,TKT00300,9.279,,S
301,0,3,Passenger 301,male,34.12429979581731,1,0,TKT00301,13.2455,,S
302,1,1,Passenger 302,female,42.91695611902994,1,1,TKT00302,106.2131,,C
303,1,3,Passenger 303,female,39.24052488506469,0,0,TKT00303,7.1191,,S
304,1,3,Passenger 304,female,56.83022827429575,0,0,TKT00304,12.0669,,S
305,0,3,Passenger 305,male,19.311849557650753,1,0,TKT00305,7.2676,,S
306,1,3,Passenger 306,male,10.69191048111977,1,0,TKT00306,7.7083,,S
307,1,2,Passenger 307,female,,1,0,TKT00307,19.404,,S
308,0,3,Passenger 308,male,39.246195931678116,1,0,TKT00308,14.8739,,S
309,0,2,Passenger 309,female,36.9709210797713,0,0,TKT00309,21.6275,,Q
310,0,1,Passenger 310,male,31.431593235063822,0,0,TKT00310,52.2849,,S
311,0,3,Passenger 311,male,14.278601312500182,0,0,TKT00311,12.2816,,S
312,1,2,Passenger 312,female,40.73614210660685,0,0,TKT00312,14.9206,,S
313,1,1,Passenger 313,female,12.854133112892434,0,0,TKT00313,84.8985,,S
314,0,2,Passenger 314,male,46.22529415327659,0,0,TKT00314,41.5958,,S
315,0,2,Passenger 315,male,70.00413792395811,0,0,TKT00315,24.1246,,S
316,0,2,Passenger 316,male,35.1303160520017,0,0,TKT00316,22.8211,,S
317,0,2,Passenger 317,male,,1,2,TKT00317,29.5748,,S
318,0,3,Passenger 318,male,23.09996323546217,2,0,TKT00318,4.8167,,S
319,0,2,Passenger 319,male,,1,0,TKT00319,31.8311,,Q
320,1,3,Passenger 320,female,21.561928917576886,1,1,TKT00320,48.4608,,S
321,1,3,Passenger 321,female,14.699466624617509,0,0,TKT00321,11.3555,,S
322,0,3,Passenger 322,male,9.74193593018978,0,0,TKT00322,11.3737,,Q
323,0,2,Passenger 323,male,54.113039187939094,0,0,TKT00323,34.9353,,C
324,0,3,Passenger 324,male,33.82007525236082,2,0,TKT00324,25.1613,,S
325,0,3,Passenger 325,male,35.315626128595774,2,2,TKT00325,18.6089,,C
326,0,3,Passenger 326,male,25.673686887252508,1,0,TKT00326,4.5489,,S
327,0,3,Passenger 327,male,,0,0,TKT00327,15.4628,,S
328,1,3,Passenger 328,female,43.50370955135067,0,0,TKT00328,38.1786,,C
329,0,3,Passenger 329,male,29.547280338266983,1,0,TKT00329,15.8791,,C
330,0,2,Passenger 330,male,37.42971513234626,0,0,TKT00330,14.8694,,S
331,0,3,Passenger 331,male,27.25593983016978,0,2,TKT00331,13.6226,,S
332,1,1,Passenger 332,female,,0,0,TKT00332,39.3378,,S
333,0,3,Passenger 333,male,10.303201681573931,0,0,TKT00333,20.8983,,S
334,0,3,Passenger 334,male,2.3115131268602056,2,0,TKT00334,7.805,,Q
335,1,1,Passenger 335,female,26.338133385070375,0,0,TKT00335,72.3782,,S
336,0,3,Passenger 336,male,30.790953687905258,0,0,TKT00336,8.1572,,S
337,0,1,Passenger 337,male,,0,0,TKT00337,54.7399,,S
338,1,3,Passenger 338,female,,0,1,TKT00338,23.422,,S
339,0,1,Passenger 339,male,,1,0,TKT00339,73.336,,S
340,0,3,Passenger 340,male,0.5,0,0,TKT00340,9.3303,,Q
341,0,1,Passenger 341,male,,0,1,TKT00341,41.8103,,S
342,0,3,Passenger 342,male,35.701694512296555,0,0,TKT00342,5.1688,,S
343,1,3,Passenger 343,female,,0,0,TKT00343,6.8335,,S
344,0,3,Passenger 344,male,13.84855117040335,3,0,TKT00344,12.6201,,S
345,0,3,Passenger 345,male,32.21827270699629,1,1,TKT00345,18.6531,,S
346,0,3,Passenger 346,male,44.31370115504661,0,1,TKT00346,9.3255,,S
347,0,3,Passenger 347,male,40.87902142587258,0,0,TKT00347,24.3286,,S
348,0,2,Passenger 348,male,28.665998981804915,0,0,TKT00348,18.1016,,S
349,0,3,Passenger 349,male,23.448331613459906,0,0,TKT00349,10.7812,,C
350,1,1,Passenger 350,female,21.18917721931694,0,0,TKT00350,43.0639,,S
351,0,3,Passenger 351,male,36.5494769607352,0,0,TKT00351,18.7417,,S
352,1,1,Passenger 352,male,32.73145562400043,1,0,TKT00352,179.8953,,S
353,0,3,Passenger 353,male,,0,2,TKT00353,5.4308,,S
354,0,3,Passenger 354,male,31.846233383696127,0,0,TKT00354,10.269,,Q
355,0,3,Passenger 355,male,41.462695304864184,1,1,TKT00355,21.2012,,S
356,0,3,Passenger 356,male,31.324295461407804,0,1,TKT00356,6.2575,,S
357,0,3,Passenger 357,male,40.98564202584361,0,1,TKT00357,15.4857,,S
358,1,3,Passenger 358,female,42.19151878513294,0,0,TKT00358,20.792,,Q
359,1,3,Passenger 359,female,18.73662717685261,0,0,TKT00359,12.43,,S
360,1,3,Passenger 360,male,4.685983343809557,2,0,TKT00360,15.3717,,S
361,0,3,Passenger 361,male,51.608899984203745,0,2,TKT00361,26.5045,,S
362,0,1,Passenger 362,male,33.593222229971666,1,0,TKT00362,168.2224,,S
363,1,1,Passenger 363,male,,0,0,TKT00363,68.075,,C
364,0,1,Passenger 364,male,20.006527038938046,1,0,TKT00364,55.0876,,S
365,0,3,Passenger 365,female,40.8062400931776,0,0,TKT00365,7.9321,,S
366,1,2,Passenger 366,female,26.084524364139497,0,1,TKT00366,38.8035,,S
367,1,3,Passenger 367,female,22.831140129532223,0,0,TKT00367,6.4728,,C
368,0,3,Passenger 368,male,49.61234604438153,0,0,TKT00368,10.7108,,S
369,1,2,Passenger 369,female,15.337979950626654,0,0,TKT00369,26.1824,,S
370,0,3,Passenger 370,male,18.825852991432328,0,0,TKT00370,9.5693,,Q
371,0,3,Passenger 371,male,32.95941065067574,1,0,TKT00371,13.6103,,S
372,0,2,Passenger 372,male,35.46636904875435,0,0,TKT00372,79.2737,,C
373,1,2,Passenger 373,female,36.94880248077024,0,0,TKT00373,23.6688,,C
374,0,2,Passenger 374,male,42.757332623965254,1,0,TKT00374,20.5517,,S
375,1,1,Passenger 375,female,32.780100689541236,1,1,TKT00375,110.5419,,S
376,0,1,Passenger 376,male,,0,0,TKT00376,77.9687,,S
377,0,3,Passenger 377,female,,0,0,TKT00377,22.9337,,S
378,1,2,Passenger 378,male,30.877776245314,0,1,TKT00378,26.9231,,S
379,0,2,Passenger 379,male,31.50547852075088,2,0,TKT00379,22.3558,,Q
380,1,3,Passenger 380,female,33.011373901466506,1,0,TKT00380,5.3775,,S
381,1,3,Passenger 381,male,40.81555730615865,0,0,TKT00381,5.7894,,S
382,0,3,Passenger 382,male,37.772039547227635,0,0,TKT00382,5.2532,,S
383,0,3,Passenger 383,male,30.619038040602565,0,1,TKT00383,14.2337,,S
384,0,3,Passenger 384,male,18.672236210825442,1,0,TKT00384,6.5006,,S
385,0,2,Passenger 385,male,,0,0,TKT00385,43.9866,,C
386,0,3,Passenger 386,male,29.607751011459584,0,1,TKT00386,12.1644,,S
387,0,3,Passenger 387,male,32.704542117384776,0,1,TKT00387,10.7513,,S
388,1,3,Passenger 388,female,60.89135429996563,0,1,TKT00388,8.2085,,S
389,1,1,Passenger 389,male,22.667181100422702,1,0,TKT00389,92.6206,,S
390,0,3,Passenger 390,male,,0,0,TKT00390,8.3552,,Q
391,0,3,Passenger 391,male,44.95846894142017,0,1,TKT00391,7.7021,,S
392,0,1,Passenger 392,male,31.37202679739136,0,0,TKT00392,119.4924,,S
393,0,3,Passenger 393,male,62.72983166841031,0,0,TKT00393,14.0762,,S
394,1,3,Passenger 394,female,24.707449915759327,2,0,TKT00394,10.7961,,S
395,1,1,Passenger 395,female,34.53724911248066,1,0,TKT00395,93.4232,,S
396,0,3,Passenger 396,male,18.816719571498254,1,0,TKT00396,12.0483,,C
397,0,3,Passenger 397,male,,1,1,TKT00397,14.2572,,Q
398,0,2,Passenger 398,male,33.48507474555321,0,0,TKT00398,17.3102,,S
399,0,3,Passenger 399,male,41.84825687230821,0,0,TKT00399,30.4652,,S
400,0,2,Passenger 400,male,34.46732767633004,0,0,TKT00400,19.2603,,S
401,1,2,Passenger 401,female,47.627607890686306,0,1,TKT00401,50.3543,,S
402,0,3,Passenger 402,male,28.670485651702595,1,0,TKT00402,11.0222,,S
403,0,3,Passenger 403,male,25.349640582253926,0,0,TKT00403,17.255,,S
404,0,1,Passenger 404,male,,0,1,TKT00404,97.4068,,S
405,0,3,Passenger 405,male,35.51932709218843,0,1,TKT00405,20.1054,,S
406,0,3,Passenger 406,male,19.927258356300335,1,0,TKT00406,8.2205,,S
407,0,2,Passenger 407,male,20.280307328527037,0,1,TKT00407,40.5652,,S
408,1,3,Passenger 408,female,16.80248119656123,0,1,TKT00408,27.5445,,S
409,1,1,Passenger 409,male,43.11197098199503,0,1,TKT00409,62.3076,,S
410,0,3,Passenger 410,male,24.898717899494613,0,1,TKT00410,12.1889,,S
411,0,3,Passenger 411,male,31.7830746591908,1,2,TKT00411,9.4816,,C
412,0,3,Passenger 412,female,,0,0,TKT00412,10.2678,,S
413,1,1,Passenger 413,male,40.240893711173086,0,1,TKT00413,151.2048,,S
414,1,3,Passenger 414,female,,2,0,TKT00414,7.637,,S
415,1,1,Passenger 415,female,14.941987993997783,0,1,TKT00415,45.8118,,
416,0,2,Passenger 416,male,33.14016230054232,0,0,TKT00416,51.6134,,S
417,1,1,Passenger 417,female,38.41342998579856,1,0,TKT00417,92.7161,,S
418,0,3,Passenger 418,male,34.65545238336697,0,0,TKT00418,31.1581,,S
419,1,1,Passenger 419,female,18.667647792637414,2,1,TKT00419,57.1568,,S
420,0,3,Passenger 420,male,39.484787789279515,0,0,TKT00420,12.7017,,C
421,1,3,Passenger 421,female,19.58594702066112,0,1,TKT00421,8.9138,,C
422,1,1,Passenger 422,male,22.698458972990633,0,1,TKT00422,74.6627,,S
423,1,1,Passenger 423,male,16.78465065389197,0,0,TKT00423,31.5052,,S
424,1,1,Passenger 424,male,,2,0,TKT00424,95.2709,,S
425,1,3,Passenger 425,female,38.867901574382884,1,1,TKT00425,13.8803,,S
426,0,3,Passenger 426,male,38.469907259504225,0,2,TKT00426,11.6932,,S
427,0,1,Passenger 427,male,47.46095989599431,1,1,TKT00427,58.723,,S
428,1,3,Passenger 428,female,69.37708947534213,0,1,TKT00428,8.0226,,S
429,1,1,Passenger 429,female,,0,1,TKT00429,97.1218,,S
430,0,3,Passenger 430,male,19.662727867720484,0,0,TKT00430,7.0845,,S
431,0,3,Passenger 431,male,21.373548821556668,0,1,TKT00431,15.1085,,S
432,0,3,Passenger 432,male,,1,0,TKT00432,30.5208,,S
433,1,3,Passenger 433,female,14.913834533548023,0,1,TKT00433,23.4153,,S
434,0,3,Passenger 434,male,25.804857103224883,1,0,TKT00434,6.0958,,S
435,1,1,Passenger 435,female,12.967547985948332,1,0,TKT00435,54.9796,,C
436,0,1,Passenger 436,male,34.690593145523785,0,0,TKT00436,84.6181,,C
437,1,1,Passenger 437,male,30.723776500000604,1,0,TKT00437,67.8208,,S
438,0,3,Passenger 438,male,36.734401306691176,0,2,TKT00438,6.3928,,S
439,0,3,Passenger 439,male,,0,1,TKT00439,14.272,,S
440,1,3,Passenger 440,female,,0,1,TKT00440,11.946,,S
441,0,3,Passenger 441,male,,0,0,TKT00441,28.399,,S
442,0,1,Passenger 442,male,59.69600763687134,0,2,TKT00442,62.461,,S
443,1,3,Passenger 443,female,33.28203563074937,1,1,TKT00443,20.2977,,S
444,1,1,Passenger 444,female,3.92521346325287,0,0,TKT00444,39.5793,,C
445,1,2,Passenger 445,female,15.966739559272956,0,0,TKT00445,15.741,,S
446,1,3,Passenger 446,male,5.632958153610581,1,0,TKT00446,16.6042,,S
447,0,3,Passenger 447,male,30.2426848081183,0,0,TKT00447,19.5424,,S
448,1,3,Passenger 448,female,28.29472686325333,0,0,TKT00448,7.7997,,S
449,0,1,Passenger 449,male,,1,0,TKT00449,70.7626,,S
450,0,3,Passenger 450,male,58.1529655736072,0,0,TKT00450,6.4443,,Q
451,1,1,Passenger 451,female,,1,1,TKT00451,64.5181,,C
452,0,3,Passenger 452,male,,0,1,TKT00452,17.4881,,S
453,0,3,Passenger 453,male,16.964971168810557,0,0,TKT00453,9.8668,,C
454,1,1,Passenger 454,female,16.01197152136583,0,1,TKT00454,62.579,,S
455,0,1,Passenger 455,male,30.515276987357367,0,0,TKT00455,42.1017,,S
456,0,1,Passenger 456,male,32.42209995513116,0,0,TKT00456,52.2863,,S
457,0,3,Passenger 457,male,4.011638060397601,0,0,TKT00457,26.4712,,S
458,0,3,Passenger 458,male,,0,0,TKT00458,12.4003,,S
459,0,3,Passenger 459,male,30.19700916022907,0,0,TKT00459,7.6436,,S
460,1,3,Passenger 460,female,26.987911679204196,1,0,TKT00460,10.4151,,S
461,1,3,Passenger 461,female,,0,0,TKT00461,5.8478,,C
462,1,1,Passenger 462,male,22.44650745310404,0,0,TKT00462,44.3505,,S
463,0,3,Passenger 463,male,27.523971289980857,0,0,TKT00463,22.1328,,C
464,1,2,Passenger 464,female,31.27120033054067,0,1,TKT00464,23.4474,,S
465,0,3,Passenger 465,male,38.46708215570795,0,0,TKT00465,28.099,,C
466,0,3,Passenger 466,male,45.1319868693122,0,0,TKT00466,11.496,,S
467,0,3,Passenger 467,male,25.8791318706185,1,0,TKT00467,11.8073,,S
468,0,3,Passenger 468,female,23.61381325438499,0,0,TKT00468,16.0115,,S
469,0,1,Passenger 469,male,36.127179429480286,0,0,TKT00469,21.0275,,C
470,1,3,Passenger 470,female,38.55182882975196,1,0,TKT00470,13.1593,,S
471,0,2,Passenger 471,male,23.9211939343756,1,2,TKT00471,24.4549,,S
472,0,3,Passenger 472,male,41.06550867752641,0,0,TKT00472,23.4208,,C
473,1,1,Passenger 473,male,43.714194776183625,0,0,TKT00473,108.0507,,S
474,1,1,Passenger 474,male,,0,2,TKT00474,42.0279,,C
475,0,2,Passenger 475,male,54.896492694077516,1,0,TKT00475,43.7214,,S
476,0,2,Passenger 476,male,,1,0,TKT00476,22.2165,,S
477,0,2,Passenger 477,male,30.194574930655158,2,2,TKT00477,16.641,,S
478,0,3,Passenger 478,male,30.157887752661242,0,0,TKT00478,13.113,,S
479,0,3,Passenger 479,male,28.626970040544894,1,0,TKT00479,10.9535,,S
480,0,2,Passenger 480,male,20.910319125458095,1,1,TKT00480,49.9581,,S
481,1,2,Passenger 481,female,9.202131954765001,0,0,TKT00481,29.1413,,S
482,0,1,Passenger 482,male,31.297512244406054,0,0,TKT00482,76.7875,,C
483,1,3,Passenger 483,female,19.243020766329224,2,0,TKT00483,17.9969,,C
484,1,2,Passenger 484,female,31.20390873046675,2,0,TKT00484,40.8811,,S
485,0,1,Passenger 485,male,18.883390416216052,0,1,TKT00485,99.5956,,S
486,1,2,Passenger 486,female,,1,1,TKT00486,47.3532,,S
487,1,3,Passenger 487,female,33.28017704527657,0,0,TKT00487,15.7811,,C
488,1,1,Passenger 488,male,32.112901375290946,1,0,TKT00488,75.4853,,C
489,1,3,Passenger 489,male,38.109947598493065,3,0,TKT00489,20.9583,,S
490,0,3,Passenger 490,male,60.60209272984675,0,0,TKT00490,11.5191,,S
491,0,3,Passenger 491,male,33.88205343695186,0,0,TKT00491,12.1809,,C
492,0,3,Passenger 492,male,36.79114473889781,0,0,TKT00492,26.0395,,C
493,1,3,Passenger 493,female,,1,0,TKT00493,24.8976,,S
494,1,2,Passenger 494,female,11.983295832490757,0,0,TKT00494,24.9082,,C
495,0,3,Passenger 495,male,52.15961225482667,0,0,TKT00495,9.7846,,S
496,1,3,Passenger 496,female,17.07128308093375,0,2,TKT00496,23.181,,S
497,0,2,Passenger 497,male,15.384782999439011,0,1,TKT00497,35.84,,C
498,1,3,Passenger 498,female,29.45261510296826,1,1,TKT00498,13.8311,,S
499,0,2,Passenger 499,male,28.737306212716565,0,0,TKT00499,21.629,,S
500,1,3,Passenger 500,female,17.364908909793918,2,0,TKT00500,13.9317,,C
501,1,3,Passenger 501,female,25.7303749380166,1,1,TKT00501,11.8833,,C
502,0,3,Passenger 502,male,47.21126004710146,0,0,TKT00502,8.8991,,S
503,0,3,Passenger 503,male,18.71608947635483,0,0,TKT00503,12.7175,,S
504,1,3,Passenger 504,female,10.488585218873595,0,1,TKT00504,13.5224,,C
505,0,3,Passenger 505,male,43.196310692597095,3,0,TKT00505,10.1348,,
506,0,3,Passenger 506,male,,0,0,TKT00506,18.0226,,Q
507,1,2,Passenger 507,female,21.312739310918737,1,0,TKT00507,44.6498,,S
508,0,3,Passenger 508,male,7.849661774223151,0,0,TKT00508,18.5665,,S
509,0,3,Passenger 509,male,19.575273009860116,0,0,TKT00509,10.5973,,S
510,1,1,Passenger 510,male,29.2341378841102,0,2,TKT00510,98.3581,,C
511,0,1,Passenger 511,male,,0,0,TKT00511,72.4994,,Q
512,1,3,Passenger 512,female,15.487852351824802,0,0,TKT00512,6.8814,,S
513,0,1,Passenger 513,male,28.81672165883937,0,0,TKT00513,94.7483,,S
514,0,2,Passenger 514,male,39.45202523852857,0,0,TKT00514,26.6992,,C
515,0,2,Passenger 515,male,0.5,0,0,TKT00515,80.3163,,S
516,1,1,Passenger 516,female,44.4730063511446,0,0,TKT00516,134.864,,S
517,0,2,Passenger 517,male,13.445691989109879,0,0,TKT00517,34.4288,,C
518,0,3,Passenger 518,female,34.647936908397085,1,0,TKT00518,13.4239,,C
519,1,1,Passenger 519,female,33.453564094550416,1,1,TKT00519,75.352,,C
520,0,3,Passenger 520,female,45.18420948049383,0,0,TKT00520,7.6388,,S
521,1,3,Passenger 521,female,37.712941332509565,1,1,TKT00521,5.4869,,S
522,1,2,Passenger 522,female,,0,0,TKT00522,16.8816,,C
523,1,1,Passenger 523,female,,0,0,TKT00523,68.5129,,S
524,0,3,Passenger 524,male,31.93487181094592,0,0,TKT00524,4.6525,,S
525,1,1,Passenger 525,female,27.27028159432298,4,0,TKT00525,54.7923,,C
526,1,2,Passenger 526,male,36.68655021659479,1,0,TKT00526,22.3639,,S
527,0,3,Passenger 527,male,41.05113177937588,1,0,TKT00527,10.8913,,C
528,1,3,Passenger 528,female,38.51832431001551,0,0,TKT00528,8.9096,,S
529,1,3,Passenger 529,female,27.000150804237485,1,0,TKT00529,10.2905,,Q
530,1,2,Passenger 530,female,4.151281844313274,1,0,TKT00530,54.3056,,S
531,0,3,Passenger 531,male,,0,0,TKT00531,16.1654,,S
532,0,3,Passenger 532,male,35.829154073945375,1,0,TKT00532,9.3257,,Q
533,1,2,Passenger 533,male,14.733738464293314,0,1,TKT00533,24.2428,,S
534,0,3,Passenger 534,male,38.837846221702065,0,0,TKT00534,11.8481,,S
535,0,1,Passenger 535,male,42.717506161742264,0,0,TKT00535,49.5467,,S
536,0,1,Passenger 536,male,31.776137668141796,0,0,TKT00536,49.5205,,C
537,0,3,Passenger 537,male,,0,1,TKT00537,18.9091,,C
538,1,1,Passenger 538,female,12.106762922034754,3,0,TKT00538,57.9507,,S
539,0,1,Passenger 539,male,56.40664821978514,0,2,TKT00539,42.7719,,S
540,1,3,Passenger 540,female,,1,0,TKT00540,11.7693,,S
541,0,3,Passenger 541,male,2.2219948761940564,0,0,TKT00541,12.6545,,Q
542,0,3,Passenger 542,male,47.293463436343814,1,0,TKT00542,4.9391,,
543,0,3,Passenger 543,male,,1,0,TKT00543,11.782,,Q
544,0,3,Passenger 544,male,,0,0,TKT00544,17.7342,,S
545,1,1,Passenger 545,female,33.877421453071115,0,1,TKT00545,85.7596,,S
546,0,2,Passenger 546,male,36.41982790697036,0,0,TKT00546,68.189,,C
547,0,2,Passenger 547,male,,0,0,TKT00547,43.8983,,C
548,1,1,Passenger 548,female,39.764836366894,1,0,TKT00548,134.359,,S
549,1,3,Passenger 549,female,61.884026279785374,0,0,TKT00549,42.3067,,S
550,0,2,Passenger 550,male,43.59408870342863,1,1,TKT00550,35.1648,,S
551,1,3,Passenger 551,male,7.875249550162511,1,0,TKT00551,12.9137,,S
552,1,1,Passenger 552,male,36.25326121390465,1,0,TKT00552,108.4922,,S
553,0,1,Passenger 553,male,45.980730753445044,0,0,TKT00553,54.4258,,S
554,0,3,Passenger 554,male,46.83781129150604,0,0,TKT00554,12.5958,,S
555,0,1,Passenger 555,male,24.027530237172606,1,1,TKT00555,52.3011,,Q
556,1,1,Passenger 556,female,46.309222232633786,0,0,TKT00556,83.7292,,C
557,0,2,Passenger 557,male,42.98839359371687,0,1,TKT00557,18.6439,,Q
558,1,3,Passenger 558,male,66.01524411757623,1,1,TKT00558,8.8091,,S
559,0,3,Passenger 559,male,19.499975692520838,0,0,TKT00559,14.454,,S
560,1,3,Passenger 560,female,22.896391930394046,4,1,TKT00560,11.2789,,S
561,0,1,Passenger 561,male,25.714333321560645,1,0,TKT00561,29.4034,,S
562,1,2,Passenger 562,female,23.136889899457145,0,0,TKT00562,12.986,,S
563,1,3,Passenger 563,female,17.53970950330956,0,0,TKT00563,7.1609,,C
564,1,3,Passenger 564,male,0.5,1,0,TKT00564,8.0653,,C
565,0,3,Passenger 565,male,,1,0,TKT00565,14.4602,,C
566,0,3,Passenger 566,male,35.17101283579866,0,1,TKT00566,13.2425,,S
567,0,3,Passenger 567,male,23.09489416291725,0,0,TKT00567,19.3808,,S
568,1,1,Passenger 568,female,57.095336569407536,0,0,TKT00568,98.2245,,S
569,0,2,Passenger 569,male,30.187261378022075,0,0,TKT00569,40.4972,,S
570,0,3,Passenger 570,female,48.074406772577895,0,0,TKT00570,15.7791,,S
571,0,2,Passenger 571,male,33.659885778219554,1,0,TKT00571,27.4738,,S
572,0,3,Passenger 572,male,,0,0,TKT00572,19.6802,,C
573,0,3,Passenger 573,male,,0,0,TKT00573,18.1495,,S
574,0,3,Passenger 574,female,49.16298484664988,0,0,TKT00574,14.2129,,Q
575,0,3,Passenger 575,female,30.78315090185361,0,0,TKT00575,21.2613,,Q
576,0,3,Passenger 576,male,36.945689913243,1,0,TKT00576,4.1758,,S
577,0,3,Passenger 577,male,35.12866107110061,0,2,TKT00577,10.5297,,C
578,0,3,Passenger 578,female,25.964003586217537,0,2,TKT00578,10.4573,,S
579,0,3,Passenger 579,male,,0,1,TKT00579,20.1583,,C
580,1,2,Passenger 580,female,61.281407446767545,0,1,TKT00580,50.7039,,C
581,0,3,Passenger 581,male,26.21444281066381,1,0,TKT00581,6.2484,,C
582,0,3,Passenger 582,male,35.872508499945475,1,0,TKT00582,22.6448,,C
583,1,1,Passenger 583,male,47.6089053121722,0,1,TKT00583,41.3199,,S
584,1,2,Passenger 584,male,45.96354593321992,0,0,TKT00584,14.9592,,C
585,0,3,Passenger 585,male,30.164029848071113,0,0,TKT00585,10.7993,,S
586,0,3,Passenger 586,male,0.5,1,0,TKT00586,10.399,,S
587,1,1,Passenger 587,female,37.233839461078524,2,1,TKT00587,34.7162,,S
588,1,2,Passenger 588,male,,0,0,TKT00588,33.4925,,C
589,0,1,Passenger 589,male,50.57912123317723,0,0,TKT00589,95.0332,,S
590,0,1,Passenger 590,male,32.37263419670565,0,0,TKT00590,112.4843,,
591,0,3,Passenger 591,male,,1,0,TKT00591,9.8735,,C
592,1,2,Passenger 592,male,,1,1,TKT00592,24.5586,,S
593,0,2,Passenger 593,male,8.264895373799238,0,0,TKT00593,24.66,,S
594,0,3,Passenger 594,male,,1,0,TKT00594,25.649,,S
595,0,1,Passenger 595,male,29.529551840614012,1,0,TKT00595,19.5521,,S
596,1,2,Passenger 596,female,23.11842843379968,3,0,TKT00596,16.2526,,C
597,0,3,Passenger 597,male,31.185257930258693,1,0,TKT00597,12.03,,S
598,0,3,Passenger 598,female,68.74410248845163,1,1,TKT00598,7.3625,,S
599,0,3,Passenger 599,male,41.68335766316681,0,1,TKT00599,10.6831,,C
600,0,3,Passenger 600,male,44.69298048208647,0,0,TKT00600,11.3381,,S
601,1,3,Passenger 601,female,41.815116481746976,0,0,TKT00601,8.9258,,C
602,0,3,Passenger 602,male,50.7124700139307,0,0,TKT00602,12.3532,,S
603,1,3,Passenger 603,female,27.338996579389573,1,0,TKT00603,15.92,,C
604,0,3,Passenger 604,male,1.2333416925458884,1,0,TKT00604,10.7896,,S
605,0,3,Passenger 605,male,27.359794137915863,1,1,TKT00605,9.7862,,S
606,1,3,Passenger 606,female,41.364299939951024,0,0,TKT00606,11.1374,,S
607,0,3,Passenger 607,male,16.422794468388968,2,1,TKT00607,11.9599,,S
608,0,1,Passenger 608,male,27.530876693149374,0,0,TKT00608,31.9877,,S
609,0,3,Passenger 609,female,,0,0,TKT00609,14.7701,,C
610,0,2,Passenger 610,female,51.02840952580382,1,0,TKT00610,20.408,,S
611,1,3,Passenger 611,female,,1,2,TKT00611,21.1703,,S
612,0,3,Passenger 612,male,39.121568689015426,1,0,TKT00612,15.6564,,S
613,0,3,Passenger 613,male,38.7024183836936,0,1,TKT00613,20.3166,,S
614,0,3,Passenger 614,female,29.478510464270222,4,0,TKT00614,7.6137,,S
615,1,2,Passenger 615,male,32.76578795538505,0,1,TKT00615,21.1524,,C
616,1,3,Passenger 616,female,,0,0,TKT00616,6.8606,,C
617,0,3,Passenger 617,male,0.5,0,0,TKT00617,8.737,,S
618,0,2,Passenger 618,male,32.10113582483034,0,0,TKT00618,43.918,,S
619,1,1,Passenger 619,female,34.53586358781002,1,1,TKT00619,136.7106,,S
620,1,1,Passenger 620,male,46.92970395795528,0,0,TKT00620,41.7557,,S
621,0,3,Passenger 621,male,51.99870142515314,0,0,TKT00621,9.7638,,S
622,0,3,Passenger 622,male,51.97997878998525,0,0,TKT00622,11.5955,,S
623,1,3,Passenger 623,female,,0,0,TKT00623,15.6181,,C
624,0,3,Passenger 624,female,25.06828951070323,1,0,TKT00624,5.4357,,S
625,0,3,Passenger 625,male,36.72468014233932,1,0,TKT00625,5.8331,,S
626,0,2,Passenger 626,male,65.4466654883905,0,0,TKT00626,31.1623,,S
627,1,3,Passenger 627,female,50.721388851994824,1,1,TKT00627,4.992,,S
628,0,1,Passenger 628,male,,0,1,TKT00628,57.2505,,S
629,0,3,Passenger 629,male,24.570968622309934,0,0,TKT00629,12.908,,S
630,0,3,Passenger 630,male,,1,0,TKT00630,14.4682,,C
631,0,3,Passenger 631,male,41.044710367365354,0,1,TKT00631,11.2586,,S
632,1,3,Passenger 632,female,14.59074230071896,0,0,TKT00632,10.1789,,S
633,1,1,Passenger 633,female,,1,0,TKT00633,102.3657,,S
634,1,2,Passenger 634,female,28.393108713973085,0,0,TKT00634,28.4236,,S
635,0,1,Passenger 635,male,52.30076924771931,1,0,TKT00635,52.3179,,S
636,0,1,Passenger 636,male,25.034237758564515,1,1,TKT00636,71.1984,,S
637,0,3,Passenger 637,male,0.5,0,1,TKT00637,14.2582,,S
638,0,3,Passenger 638,male,37.062225067274554,1,0,TKT00638,26.0004,,S
639,0,3,Passenger 639,male,20.21369405654503,0,0,TKT00639,17.0944,,C
640,0,3,Passenger 640,male,30.596834342128457,0,0,TKT00640,20.7274,,Q
641,0,3,Passenger 641,male,28.78613418821027,0,0,TKT00641,9.1169,,S
642,0,3,Passenger 642,male,26.168144058551245,1,0,TKT00642,9.4785,,S
643,1,1,Passenger 643,female,41.064768144985855,1,0,TKT00643,62.9647,,C
644,1,1,Passenger 644,male,8.5398917030621,0,0,TKT00644,65.6205,,Q
645,0,3,Passenger 645,male,22.761800850638956,0,1,TKT00645,7.624,,C
646,0,3,Passenger 646,female,39.576530783643335,1,0,TKT00646,21.2122,,S
647,1,1,Passenger 647,female,,0,0,TKT00647,104.1678,,S
648,1,3,Passenger 648,female,7.476706070220395,1,0,TKT00648,10.4578,,S
649,0,3,Passenger 649,male,39.3597748055943,0,1,TKT00649,16.0174,,C
650,1,1,Passenger 650,female,45.723324826181546,0,0,TKT00650,77.3855,,S
651,0,2,Passenger 651,male,29.37006709299791,1,0,TKT00651,34.5635,,S
652,0,3,Passenger 652,male,2.5481616214265443,0,0,TKT00652,6.5533,,S
653,1,3,Passenger 653,male,39.88357645378343,0,0,TKT00653,11.2387,,S
654,0,1,Passenger 654,male,6.761569660124369,0,0,TKT00654,68.1955,,S
655,0,3,Passenger 655,male,34.32318987587432,0,2,TKT00655,15.8877,,S
656,0,2,Passenger 656,male,17.575506453609762,0,1,TKT00656,18.8418,,S
657,1,3,Passenger 657,female,13.762249999262487,0,1,TKT00657,3.896,,C
658,0,2,Passenger 658,male,23.813259760884335,0,0,TKT00658,15.3653,,S
659,0,3,Passenger 659,male,27.43383421001836,1,0,TKT00659,11.6748,,S
660,1,2,Passenger 660,male,20.981084494589723,0,0,TKT00660,25.7291,,C
661,1,2,Passenger 661,male,38.241845895012105,2,1,TKT00661,53.3334,,S
662,1,3,Passenger 662,male,23.75502870157633,0,0,TKT00662,15.598,,S
663,1,1,Passenger 663,male,43.72267220340551,0,0,TKT00663,72.6159,,S
664,0,1,Passenger 664,male,33.936424319008715,0,2,TKT00664,68.9871,,S
665,1,2,Passenger 665,female,20.234199107651687,0,0,TKT00665,41.0897,,S
666,0,3,Passenger 666,female,17.876841626347996,0,0,TKT00666,9.2014,,S
667,0,3,Passenger 667,male,6.9350518133358605,0,1,TKT00667,11.2659,,S
668,0,3,Passenger 668,male,,0,0,TKT00668,7.3503,,S
669,1,2,Passenger 669,female,25.035774338480987,1,1,TKT00669,47.3413,,S
670,1,2,Passenger 670,female,0.5,0,1,TKT00670,29.8296,,S
671,0,1,Passenger 671,male,,2,0,TKT00671,50.9126,,S
672,1,3,Passenger 672,female,17.385523590430672,0,0,TKT00672,11.3976,,S
673,1,3,Passenger 673,female,52.059486290389245,0,0,TKT00673,15.0933,,
674,1,3,Passenger 674,female,6.161099433493664,0,1,TKT00674,10.7197,,S
675,0,3,Passenger 675,male,,1,1,TKT00675,9.4347,,S
676,0,2,Passenger 676,male,45.5395750034798,0,0,TKT00676,18.624,,C
677,0,3,Passenger 677,male,48.994684204495485,0,1,TKT00677,13.9774,,Q
678,0,3,Passenger 678,male,,0,0,TKT00678,10.2142,,S
679,0,1,Passenger 679,male,21.15079848067525,0,0,TKT00679,57.0715,,S
680,0,2,Passenger 680,male,38.62729555174638,0,0,TKT00680,13.7035,,S
681,1,1,Passenger 681,male,0.5,1,1,TKT00681,72.4889,,S
682,1,1,Passenger 682,male,3.943288416922215,0,0,TKT00682,64.518,,C
683,1,1,Passenger 683,female,,0,0,TKT00683,60.5672,,S
684,0,3,Passenger 684,male,51.69846792580776,0,0,TKT00684,13.1228,,Q
685,0,3,Passenger 685,male,23.899778765665644,0,1,TKT00685,16.8022,,S
686,1,2,Passenger 686,female,,0,1,TKT00686,34.2806,,S
687,1,2,Passenger 687,female,45.87304981589617,1,1,TKT00687,32.0598,,C
688,1,3,Passenger 688,female,59.496386265894046,0,0,TKT00688,10.7683,,S
689,1,3,Passenger 689,female,21.924121375923626,0,0,TKT00689,9.2976,,C
690,1,3,Passenger 690,female,29.764285867732035,0,0,TKT00690,7.5018,,S
691,0,2,Passenger 691,male,55.50877309879979,0,1,TKT00691,19.1433,,C
692,0,3,Passenger 692,male,8.689210147320004,1,0,TKT00692,12.1066,,S
693,0,1,Passenger 693,male,,0,1,TKT00693,49.1397,,S
694,0,2,Passenger 694,male,15.743582546942385,1,0,TKT00694,26.1043,,C
695,1,3,Passenger 695,female,31.434613139444195,0,1,TKT00695,7.7714,,S
696,0,3,Passenger 696,male,26.60333333639616,0,1,TKT00696,5.6829,,S
697,0,3,Passenger 697,male,16.58783759018279,1,1,TKT00697,17.3508,,C
698,0,3,Passenger 698,male,16.23657301278415,2,1,TKT00698,9.6932,,S
699,0,3,Passenger 699,male,33.86980109955256,3,1,TKT00699,8.2337,,C
700,0,2,Passenger 700,male,43.93755059427755,1,1,TKT00700,15.2815,,S
701,0,2,Passenger 701,male,,1,0,TKT00701,30.2423,,S
702,1,2,Passenger 702,female,,1,1,TKT00702,46.4132,,S
703,0,1,Passenger 703,male,37.99643692807466,1,0,TKT00703,58.3881,,S
704,0,3,Passenger 704,female,16.397337177818564,3,1,TKT00704,10.8906,,Q
705,1,2,Passenger 705,female,,1,0,TKT00705,40.4922,,S
706,0,3,Passenger 706,male,,2,0,TKT00706,5.3133,,S
707,0,3,Passenger 707,male,66.45076818250574,0,0,TKT00707,29.0785,,S
708,1,3,Passenger 708,female,24.734541332165847,0,0,TKT00708,36.0444,,S
709,0,2,Passenger 709,male,23.586854776646213,1,0,TKT00709,7.3966,,S
710,1,3,Passenger 710,female,,1,0,TKT00710,11.4849,,C
711,0,3,Passenger 711,male,41.46745836476994,0,0,TKT00711,8.6831,,C
712,1,3,Passenger 712,female,22.508779852726033,0,0,TKT00712,10.6521,,C
713,1,3,Passenger 713,female,24.355722522979317,0,0,TKT00713,9.9407,,S
714,0,3,Passenger 714,male,37.57583173505257,1,0,TKT00714,17.2912,,S
715,0,3,Passenger 715,male,18.413820629714742,0,0,TKT00715,11.4073,,S
716,1,1,Passenger 716,female,24.25252416778979,1,0,TKT00716,46.4598,,C
717,0,3,Passenger 717,male,,1,1,TKT00717,11.1053,,S
718,0,1,Passenger 718,male,43.94314158751161,0,0,TKT00718,88.2477,,S
719,0,3,Passenger 719,male,21.535619373486426,0,0,TKT00719,7.0444,,S
720,0,3,Passenger 720,male,4.206617531570593,0,0,TKT00720,5.7208,,C
721,1,3,Passenger 721,female,3.167635454745046,0,3,TKT00721,29.419,,C
722,1,2,Passenger 722,female,12.368217066114134,1,0,TKT00722,18.7236,,C
723,0,1,Passenger 723,male,11.615651945200877,0,0,TKT00723,65.8044,,S
724,1,3,Passenger 724,female,,0,0,TKT00724,10.0332,,Q
725,1,1,Passenger 725,male,13.35567784963353,0,0,TKT00725,89.5802,,S
726,1,1,Passenger 726,male,,1,0,TKT00726,155.4386,,S
727,0,2,Passenger 727,male,19.162797610251303,1,0,TKT00727,32.4547,,S
728,1,1,Passenger 728,female,23.83288994812809,0,1,TKT00728,35.3476,,S
729,0,3,Passenger 729,male,48.515060641323714,0,0,TKT00729,6.4369,,S
730,0,3,Passenger 730,male,39.267266252027234,0,1,TKT00730,10.0279,,S
731,0,2,Passenger 731,male,,1,0,TKT00731,22.1574,,S
732,1,1,Passenger 732,female,23.545632071868265,0,0,TKT00732,32.2532,,S
733,1,1,Passenger 733,male,23.934742807277704,1,0,TKT00733,101.2101,,C
734,0,2,Passenger 734,male,,3,0,TKT00734,15.3334,,S
735,1,1,Passenger 735,female,38.178367026932065,1,0,TKT00735,137.0685,,S
736,0,3,Passenger 736,male,17.293354914591596,1,0,TKT00736,27.2265,,S
737,0,1,Passenger 737,male,30.51073057859924,2,0,TKT00737,62.601,,C
738,1,2,Passenger 738,male,1.5573260387176227,2,0,TKT00738,30.46,,S
739,0,2,Passenger 739,male,32.96399297838836,0,0,TKT00739,14.3608,,S
740,0,2,Passenger 740,male,40.670089387421605,2,1,TKT00740,33.0999,,S
741,1,1,Passenger 741,female,26.079039223667746,0,0,TKT00741,55.9416,,S
742,0,1,Passenger 742,male,55.43137794596147,1,0,TKT00742,42.9158,,S
743,1,3,Passenger 743,female,17.662661735895295,0,1,TKT00743,10.535,,S
744,1,1,Passenger 744,female,33.04416581424566,0,1,TKT00744,56.7644,,S
745,0,3,Passenger 745,male,,0,0,TKT00745,10.3666,,S
746,0,3,Passenger 746,male,28.595832655792282,0,0,TKT00746,18.3984,,S
747,1,2,Passenger 747,female,28.39948964793353,1,0,TKT00747,17.5576,,S
748,0,2,Passenger 748,male,31.499470420132603,1,1,TKT00748,54.5783,,S
749,0,3,Passenger 749,female,41.871422408491796,0,0,TKT00749,6.6103,,S
750,1,3,Passenger 750,female,49.288307307846424,0,0,TKT00750,24.825,,S
751,1,2,Passenger 751,male,29.968496576941796,0,0,TKT00751,15.8227,,S
752,0,2,Passenger 752,male,41.414425010402866,0,0,TKT00752,24.9886,,S
753,0,2,Passenger 753,male,20.175262752265045,0,0,TKT00753,20.0512,,S
754,0,3,Passenger 754,male,40.72337633816726,0,3,TKT00754,10.2803,,S
755,0,3,Passenger 755,male,19.332118666422136,0,0,TKT00755,17.2105,,S
756,1,1,Passenger 756,male,,1,0,TKT00756,137.4716,,S
757,1,2,Passenger 757,female,60.948972283505356,2,0,TKT00757,42.7176,,S
758,1,3,Passenger 758,female,28.290825568400514,0,0,TKT00758,10.0014,,S
759,1,1,Passenger 759,female,0.5,0,0,TKT00759,76.0515,,S
760,0,3,Passenger 760,male,22.32697893457248,0,0,TKT00760,8.4399,,C
761,0,3,Passenger 761,male,47.246251880050245,0,0,TKT00761,7.6807,,S
762,0,1,Passenger 762,male,,0,1,TKT00762,41.7901,,S
763,1,1,Passenger 763,male,33.484790381450416,0,0,TKT00763,57.4886,,C
764,1,1,Passenger 764,female,44.12135698336775,0,0,TKT00764,78.3212,,S
765,0,3,Passenger 765,male,36.78234814947791,1,0,TKT00765,5.0763,,S
766,0,1,Passenger 766,male,,1,1,TKT00766,68.555,,S
767,1,1,Passenger 767,female,42.8719314730578,0,2,TKT00767,138.4773,,Q
768,1,1,Passenger 768,male,51.30380633831743,0,0,TKT00768,115.9727,,Q
769,0,1,Passenger 769,male,35.02314517468756,1,0,TKT00769,53.794,,S
770,0,3,Passenger 770,male,42.673631620915366,0,0,TKT00770,6.4001,,C
771,0,2,Passenger 771,male,25.700220976799002,0,0,TKT00771,30.7472,,S
772,1,3,Passenger 772,female,,1,1,TKT00772,4.2294,,S
773,0,3,Passenger 773,male,53.89474696586562,0,1,TKT00773,19.7761,,S
774,1,3,Passenger 774,female,33.026865468517634,1,1,TKT00774,10.9003,,S
775,1,1,Passenger 775,female,41.268327922073304,0,0,TKT00775,159.5856,,S
776,1,3,Passenger 776,female,31.732360201759462,0,0,TKT00776,5.5167,,C
777,0,3,Passenger 777,male,,0,0,TKT00777,18.1391,,S
778,1,1,Passenger 778,male,30.15376049615362,1,1,TKT00778,66.9045,,S
779,1,3,Passenger 779,female,50.103916248748,1,0,TKT00779,10.3391,,S
780,0,3,Passenger 780,male,,1,0,TKT00780,6.4784,,S
781,0,2,Passenger 781,male,6.039375763773574,1,0,TKT00781,32.6865,,S
782,1,3,Passenger 782,female,26.986577607933835,1,0,TKT00782,16.2675,,Q
783,0,3,Passenger 783,male,54.95211309786597,1,0,TKT00783,26.795,,S
784,0,3,Passenger 784,female,,0,0,TKT00784,18.888,,S
785,1,3,Passenger 785,female,,0,0,TKT00785,9.1858,,S
786,1,2,Passenger 786,female,56.50268439591561,0,0,TKT00786,15.913,,Q
787,0,3,Passenger 787,male,39.553495137379095,0,1,TKT00787,6.4824,,C
788,1,2,Passenger 788,female,,0,0,TKT00788,48.5128,,S
789,0,3,Passenger 789,male,24.80015169485104,0,0,TKT00789,8.4547,,S
790,1,3,Passenger 790,female,,0,0,TKT00790,23.3596,,S
791,1,1,Passenger 791,female,,0,0,TKT00791,88.6572,,C
792,1,2,Passenger 792,female,46.07558994322383,1,0,TKT00792,29.0011,,C
793,0,2,Passenger 793,male,37.590734000139584,1,0,TKT00793,21.7755,,C
794,0,1,Passenger 794,male,33.4255469568229,0,0,TKT00794,94.2356,,S
795,0,1,Passenger 795,male,32.03720727469833,0,0,TKT00795,69.5144,,S
796,0,2,Passenger 796,male,27.550447486001506,1,1,TKT00796,21.1731,,S
797,0,1,Passenger 797,male,44.63896168292972,1,0,TKT00797,95.7459,,S
798,0,1,Passenger 798,male,,0,0,TKT00798,65.6087,,S
799,0,3,Passenger 799,male,,0,0,TKT00799,8.3784,,S
800,1,3,Passenger 800,female,,1,1,TKT00800,15.7183,,S
801,0,3,Passenger 801,female,38.83733659294007,0,0,TKT00801,11.6594,,C
802,0,2,Passenger 802,male,36.723376135164735,0,0,TKT00802,31.1522,,C
803,1,3,Passenger 803,female,,0,0,TKT00803,9.7832,,C
804,1,3,Passenger 804,female,25.51243470327433,0,1,TKT00804,6.9643,,C
805,0,1,Passenger 805,male,41.024757861397354,1,1,TKT00805,152.8227,,S
806,0,1,Passenger 806,male,,0,1,TKT00806,140.3965,,S
807,0,3,Passenger 807,female,,1,0,TKT00807,17.8608,,S
808,1,1,Passenger 808,female,25.6335216284244,0,1,TKT00808,58.7905,,S
809,0,3,Passenger 809,female,,2,0,TKT00809,10.4831,,S
810,1,3,Passenger 810,female,5.7103348513639425,0,1,TKT00810,22.3529,,S
811,1,1,Passenger 811,female,,1,1,TKT00811,59.6964,,C
812,0,1,Passenger 812,male,6.49245401326796,3,2,TKT00812,52.6594,,C
813,1,3,Passenger 813,male,28.484733263478375,0,0,TKT00813,27.8661,,Q
814,0,3,Passenger 814,male,23.929215207841374,1,0,TKT00814,11.7453,,Q
815,1,1,Passenger 815,female,0.8096038464817106,0,0,TKT00815,155.1336,,C
816,0,3,Passenger 816,male,35.44652626607268,1,1,TKT00816,6.3957,,S
817,0,3,Passenger 817,male,24.67946712930926,0,0,TKT00817,15.1514,,
818,1,3,Passenger 818,female,0.6111112041425848,0,0,TKT00818,30.4746,,C
819,0,3,Passenger 819,male,41.75395327083953,0,0,TKT00819,12.1617,,C
820,1,2,Passenger 820,female,,0,1,TKT00820,22.1996,,S
821,0,1,Passenger 821,male,50.861740792152005,0,0,TKT00821,41.3887,,S
822,1,3,Passenger 822,female,35.0253901691206,1,2,TKT00822,19.5302,,Q
823,1,2,Passenger 823,female,30.644813940079615,0,1,TKT00823,17.678,,S
824,0,3,Passenger 824,male,48.59419269254116,0,1,TKT00824,11.4988,,S
825,1,3,Passenger 825,female,53.55337019476138,1,0,TKT00825,6.8852,,S
826,0,1,Passenger 826,male,45.86996184025875,1,0,TKT00826,141.0477,,S
827,0,3,Passenger 827,male,16.818473568782785,1,0,TKT00827,20.1782,,S
828,1,1,Passenger 828,female,32.818827945008906,0,0,TKT00828,69.0121,,Q
829,1,3,Passenger 829,female,36.15322602008,1,0,TKT00829,7.1388,,C
830,0,2,Passenger 830,male,4.665362435158791,0,0,TKT00830,49.9006,,Q
831,0,3,Passenger 831,male,36.57104923469084,0,0,TKT00831,10.1781,,S
832,0,3,Passenger 832,female,,0,0,TKT00832,7.2977,,S
833,0,2,Passenger 833,male,38.95910632121108,0,0,TKT00833,11.3127,,S
834,0,3,Passenger 834,male,,1,2,TKT00834,8.973,,S
835,0,3,Passenger 835,male,32.56080622180187,0,0,TKT00835,6.2359,,S
836,0,3,Passenger 836,male,28.9749434642265,1,0,TKT00836,9.067,,C
837,1,3,Passenger 837,female,35.337799461133656,1,0,TKT00837,16.775,,Q
838,0,3,Passenger 838,male,18.578426928217944,0,1,TKT00838,10.1348,,S
839,0,2,Passenger 839,male,16.50714737871856,0,0,TKT00839,29.3396,,S
840,1,3,Passenger 840,female,47.72826380037112,1,0,TKT00840,8.666,,S
841,1,1,Passenger 841,male,49.212792800131254,1,0,TKT00841,72.0832,,S
842,1,3,Passenger 842,female,16.124511581777092,0,1,TKT00842,28.4831,,S
843,0,3,Passenger 843,male,43.5519832637541,0,0,TKT00843,10.2583,,S
844,1,2,Passenger 844,female,28.78256034151571,0,0,TKT00844,29.7215,,S
845,1,1,Passenger 845,female,34.75732004286603,0,1,TKT00845,34.6053,,S
846,1,3,Passenger 846,female,,0,2,TKT00846,23.7826,,C
847,0,2,Passenger 847,male,43.92090655374046,0,1,TKT00847,20.1687,,S
848,0,3,Passenger 848,male,31.158054826084644,1,0,TKT00848,19.2526,,S
849,1,1,Passenger 849,female,,0,0,TKT00849,66.2254,,S
850,0,3,Passenger 850,male,34.331779756638944,0,0,TKT00850,15.8017,,S
851,0,1,Passenger 851,male,38.738579814573455,0,0,TKT00851,94.6751,,S
852,0,1,Passenger 852,male,18.33432371847855,0,0,TKT00852,57.1053,,C
853,1,3,Passenger 853,female,,1,0,TKT00853,19.6144,,C
854,1,3,Passenger 854,female,36.57754892486953,1,0,TKT00854,8.5281,,S
855,0,1,Passenger 855,male,39.981963954831386,0,0,TKT00855,99.3417,,S
856,1,3,Passenger 856,female,7.485398643038419,1,0,TKT00856,10.0675,,S
857,0,3,Passenger 857,male,18.482171676892584,0,0,TKT00857,14.0442,,S
858,0,3,Passenger 858,male,47.33037163086223,3,2,TKT00858,9.7475,,S
859,0,2,Passenger 859,male,34.01647565609647,0,0,TKT00859,25.5686,,C
860,0,3,Passenger 860,male,3.207083712395036,2,0,TKT00860,7.3986,,S
861,1,3,Passenger 861,male,,0,1,TKT00861,13.4141,,S
862,0,3,Passenger 862,female,,0,1,TKT00862,12.241,,S
863,1,3,Passenger 863,female,49.75843780227397,0,0,TKT00863,9.4106,,S
864,0,3,Passenger 864,male,28.770300499548206,1,1,TKT00864,11.7065,,Q
865,0,1,Passenger 865,male,32.86589360428742,0,1,TKT00865,74.351,,S
866,0,3,Passenger 866,male,46.505364100283074,0,0,TKT00866,9.0934,,S
867,1,3,Passenger 867,female,,0,0,TKT00867,11.3245,,S
868,1,3,Passenger 868,female,16.100144690324846,0,0,TKT00868,7.6324,,C
869,1,1,Passenger 869,female,27.2490221144265,0,0,TKT00869,201.1549,,S
870,0,1,Passenger 870,male,41.580419194697114,0,0,TKT00870,112.7416,,S
871,0,3,Passenger 871,male,11.36771846341113,1,0,TKT00871,13.5692,,S
872,1,1,Passenger 872,male,6.647515601552648,0,0,TKT00872,118.6225,,S
873,0,3,Passenger 873,male,,0,0,TKT00873,4.9246,,C
874,0,2,Passenger 874,male,21.55830362406195,0,0,TKT00874,7.9084,,S
875,0,3,Passenger 875,male,24.508835819116037,0,1,TKT00875,10.0264,,S
876,1,3,Passenger 876,female,4.004654372837678,0,1,TKT00876,6.453,,S
877,0,2,Passenger 877,male,20.49428959907225,0,0,TKT00877,22.475,,S
878,0,2,Passenger 878,male,29.89405784716389,0,1,TKT00878,27.4241,,S
879,1,3,Passenger 879,female,43.02529000672049,1,0,TKT00879,18.1577,,C
880,0,3,Passenger 880,male,19.202777672715058,0,1,TKT00880,7.19,,S
881,0,2,Passenger 881,female,53.203265683254955,0,1,TKT00881,29.9255,,S
882,0,3,Passenger 882,male,20.41621566148279,0,1,TKT00882,12.078,,S
883,1,3,Passenger 883,female,20.436714777807552,0,0,TKT00883,14.0312,,C
884,0,3,Passenger 884,male,51.52300572656923,0,1,TKT00884,9.4973,,S
885,1,1,Passenger 885,male,32.96044213309484,0,0,TKT00885,130.439,,S
886,1,2,Passenger 886,female,22.271653793837928,0,0,TKT00886,23.8622,,
887,1,2,Passenger 887,male,27.82813616347169,3,0,TKT00887,55.5486,,S
888,0,1,Passenger 888,male,48.94303008558883,0,0,TKT00888,49.049,,Q
889,0,1,Passenger 889,male,50.52683947475954,0,0,TKT00889,97.7846,,S
890,0,3,Passenger 890,male,,0,0,TKT00890,11.6821,,S
891,1,2,Passenger 891,female,29.405926658892486,0,0,TKT00891,21.5719,,S
